Bluebell,images/image_0260.jpg
LilyValley,images/image_0207.jpg
Fritillary,images/image_0693.jpg
Sunflower,images/image_0797.jpg
Daffodil,images/image_0633.jpg
LilyValley,images/image_0187.jpg
Windflower,images/image_1279.jpg
Tigerlily,images/image_0518.jpg
Sunflower,images/image_0742.jpg
Windflower,images/image_1210.jpg
Crocus,images/image_0337.jpg
Pansy,images/image_1346.jpg
Sunflower,images/image_0757.jpg
Fritillary,images/image_0673.jpg
Sunflower,images/image_0793.jpg
Fritillary,images/image_0688.jpg
Tulip,images/image_0016.jpg
Tigerlily,images/image_0511.jpg
Pansy,images/image_1331.jpg
Sunflower,images/image_0762.jpg
Dandelion,images/image_1021.jpg
Cowslip,images/image_1062.jpg
LilyValley,images/image_0195.jpg
Iris,images/image_0458.jpg
Crocus,images/image_0400.jpg
ColtsFoot,images/image_0932.jpg
Daisy,images/image_0812.jpg
LilyValley,images/image_0208.jpg
LilyValley,images/image_0191.jpg
Bluebell,images/image_0248.jpg
Windflower,images/image_1242.jpg
Pansy,images/image_1289.jpg
Windflower,images/image_1234.jpg
Pansy,images/image_1287.jpg
Bluebell,images/image_0289.jpg
Buttercup,images/image_1140.jpg
Dandelion,images/image_1030.jpg
Fritillary,images/image_0650.jpg
Iris,images/image_0474.jpg
Dandelion,images/image_0976.jpg
Buttercup,images/image_1193.jpg
Tigerlily,images/image_0536.jpg
Daffodil,images/image_0602.jpg
Snowdrop,images/image_0150.jpg
Daisy,images/image_0831.jpg
Iris,images/image_0412.jpg
Pansy,images/image_1343.jpg
Daisy,images/image_0867.jpg
Cowslip,images/image_1073.jpg
Snowdrop,images/image_0087.jpg
Snowdrop,images/image_0083.jpg
Tulip,images/image_0037.jpg
Fritillary,images/image_0669.jpg
ColtsFoot,images/image_0943.jpg
Pansy,images/image_1320.jpg
Iris,images/image_0473.jpg
Daisy,images/image_0835.jpg
Bluebell,images/image_0313.jpg
Tulip,images/image_0043.jpg
Sunflower,images/image_0728.jpg
LilyValley,images/image_0222.jpg
LilyValley,images/image_0166.jpg
Crocus,images/image_0352.jpg
Buttercup,images/image_1200.jpg
Buttercup,images/image_1161.jpg
Iris,images/image_0418.jpg
Dandelion,images/image_1005.jpg
Windflower,images/image_1252.jpg
Cowslip,images/image_1044.jpg
Daffodil,images/image_0563.jpg
Bluebell,images/image_0315.jpg
LilyValley,images/image_0182.jpg
Daffodil,images/image_0639.jpg
Dandelion,images/image_0982.jpg
Crocus,images/image_0383.jpg
Buttercup,images/image_1165.jpg
Fritillary,images/image_0682.jpg
Tulip,images/image_0073.jpg
Windflower,images/image_1254.jpg
Sunflower,images/image_0778.jpg
Crocus,images/image_0348.jpg
Snowdrop,images/image_0095.jpg
Tigerlily,images/image_0541.jpg
Daisy,images/image_0876.jpg
Buttercup,images/image_1185.jpg
Sunflower,images/image_0758.jpg
Daffodil,images/image_0599.jpg
Tulip,images/image_0022.jpg
ColtsFoot,images/image_0883.jpg
Windflower,images/image_1250.jpg
Sunflower,images/image_0759.jpg
Buttercup,images/image_1191.jpg
Iris,images/image_0435.jpg
Daffodil,images/image_0577.jpg
Cowslip,images/image_1078.jpg
Daisy,images/image_0816.jpg
Windflower,images/image_1217.jpg
Sunflower,images/image_0764.jpg
Sunflower,images/image_0752.jpg
Buttercup,images/image_1184.jpg
Daffodil,images/image_0579.jpg
Cowslip,images/image_1108.jpg
Tigerlily,images/image_0482.jpg
Buttercup,images/image_1135.jpg
Windflower,images/image_1265.jpg
Windflower,images/image_1226.jpg
Cowslip,images/image_1048.jpg
Fritillary,images/image_0694.jpg
Tigerlily,images/image_0488.jpg
Daisy,images/image_0807.jpg
Fritillary,images/image_0702.jpg
Tigerlily,images/image_0493.jpg
Daisy,images/image_0874.jpg
Bluebell,images/image_0309.jpg
Buttercup,images/image_1123.jpg
Snowdrop,images/image_0141.jpg
Pansy,images/image_1282.jpg
Cowslip,images/image_1075.jpg
Tigerlily,images/image_0559.jpg
Windflower,images/image_1249.jpg
Dandelion,images/image_0983.jpg
ColtsFoot,images/image_0937.jpg
Daisy,images/image_0839.jpg
Windflower,images/image_1221.jpg
Bluebell,images/image_0312.jpg
ColtsFoot,images/image_0889.jpg
Iris,images/image_0465.jpg
Iris,images/image_0422.jpg
Dandelion,images/image_0985.jpg
Daffodil,images/image_0624.jpg
Daisy,images/image_0850.jpg
Windflower,images/image_1280.jpg
Tulip,images/image_0006.jpg
Dandelion,images/image_1036.jpg
Crocus,images/image_0391.jpg
Tigerlily,images/image_0557.jpg
Fritillary,images/image_0645.jpg
Dandelion,images/image_0963.jpg
Tulip,images/image_0034.jpg
Fritillary,images/image_0698.jpg
Pansy,images/image_1347.jpg
ColtsFoot,images/image_0890.jpg
Snowdrop,images/image_0122.jpg
Sunflower,images/image_0743.jpg
Tulip,images/image_0079.jpg
Daffodil,images/image_0605.jpg
Crocus,images/image_0397.jpg
Tulip,images/image_0060.jpg
Daisy,images/image_0858.jpg
Sunflower,images/image_0747.jpg
Cowslip,images/image_1083.jpg
Buttercup,images/image_1160.jpg
Dandelion,images/image_0998.jpg
Crocus,images/image_0388.jpg
Buttercup,images/image_1190.jpg
ColtsFoot,images/image_0894.jpg
Crocus,images/image_0341.jpg
Bluebell,images/image_0288.jpg
Pansy,images/image_1334.jpg
Tigerlily,images/image_0540.jpg
Cowslip,images/image_1054.jpg
Buttercup,images/image_1183.jpg
Dandelion,images/image_1029.jpg
Buttercup,images/image_1144.jpg
Snowdrop,images/image_0082.jpg
Crocus,images/image_0325.jpg
Tigerlily,images/image_0524.jpg
Sunflower,images/image_0798.jpg
Sunflower,images/image_0775.jpg
LilyValley,images/image_0167.jpg
Cowslip,images/image_1061.jpg
Sunflower,images/image_0767.jpg
Fritillary,images/image_0703.jpg
Sunflower,images/image_0770.jpg
Tigerlily,images/image_0558.jpg
LilyValley,images/image_0234.jpg
Daisy,images/image_0854.jpg
Cowslip,images/image_1041.jpg
Daisy,images/image_0813.jpg
Pansy,images/image_1342.jpg
LilyValley,images/image_0228.jpg
Sunflower,images/image_0773.jpg
Daisy,images/image_0834.jpg
Pansy,images/image_1311.jpg
Windflower,images/image_1233.jpg
Fritillary,images/image_0716.jpg
Snowdrop,images/image_0148.jpg
Bluebell,images/image_0291.jpg
Snowdrop,images/image_0130.jpg
Cowslip,images/image_1114.jpg
Sunflower,images/image_0789.jpg
Tigerlily,images/image_0521.jpg
Snowdrop,images/image_0147.jpg
Buttercup,images/image_1197.jpg
Bluebell,images/image_0254.jpg
Daffodil,images/image_0576.jpg
Pansy,images/image_1299.jpg
Crocus,images/image_0323.jpg
Bluebell,images/image_0255.jpg
Bluebell,images/image_0305.jpg
LilyValley,images/image_0202.jpg
Tulip,images/image_0013.jpg
Dandelion,images/image_0984.jpg
Cowslip,images/image_1100.jpg
Tulip,images/image_0035.jpg
Pansy,images/image_1338.jpg
Cowslip,images/image_1119.jpg
Daisy,images/image_0862.jpg
Bluebell,images/image_0306.jpg
Snowdrop,images/image_0152.jpg
Pansy,images/image_1329.jpg
Snowdrop,images/image_0099.jpg
Tulip,images/image_0028.jpg
Daisy,images/image_0852.jpg
Windflower,images/image_1219.jpg
Pansy,images/image_1304.jpg
Tigerlily,images/image_0533.jpg
Fritillary,images/image_0678.jpg
Tigerlily,images/image_0534.jpg
Sunflower,images/image_0751.jpg
Windflower,images/image_1235.jpg
Sunflower,images/image_0735.jpg
Buttercup,images/image_1126.jpg
ColtsFoot,images/image_0933.jpg
Crocus,images/image_0330.jpg
Windflower,images/image_1270.jpg
Snowdrop,images/image_0119.jpg
Fritillary,images/image_0666.jpg
Buttercup,images/image_1139.jpg
Tulip,images/image_0049.jpg
LilyValley,images/image_0237.jpg
LilyValley,images/image_0171.jpg
Pansy,images/image_1301.jpg
Windflower,images/image_1231.jpg
Daffodil,images/image_0637.jpg
Buttercup,images/image_1199.jpg
Pansy,images/image_1325.jpg
Tigerlily,images/image_0529.jpg
Daisy,images/image_0829.jpg
Crocus,images/image_0368.jpg
Sunflower,images/image_0750.jpg
Tigerlily,images/image_0489.jpg
Tigerlily,images/image_0528.jpg
Dandelion,images/image_0990.jpg
Bluebell,images/image_0251.jpg
Tulip,images/image_0008.jpg
Tulip,images/image_0063.jpg
Crocus,images/image_0327.jpg
Daffodil,images/image_0589.jpg
Buttercup,images/image_1159.jpg
Sunflower,images/image_0781.jpg
Tulip,images/image_0025.jpg
Bluebell,images/image_0279.jpg
Snowdrop,images/image_0137.jpg
Iris,images/image_0406.jpg
LilyValley,images/image_0178.jpg
Daffodil,images/image_0596.jpg
ColtsFoot,images/image_0951.jpg
Sunflower,images/image_0733.jpg
LilyValley,images/image_0218.jpg
Pansy,images/image_1354.jpg
Daisy,images/image_0844.jpg
Iris,images/image_0438.jpg
Bluebell,images/image_0307.jpg
Crocus,images/image_0336.jpg
Cowslip,images/image_1113.jpg
Snowdrop,images/image_0097.jpg
Windflower,images/image_1273.jpg
Tigerlily,images/image_0497.jpg
Sunflower,images/image_0795.jpg
Cowslip,images/image_1102.jpg
Crocus,images/image_0340.jpg
Pansy,images/image_1316.jpg
Pansy,images/image_1360.jpg
Dandelion,images/image_0994.jpg
LilyValley,images/image_0227.jpg
Tigerlily,images/image_0503.jpg
Snowdrop,images/image_0133.jpg
Cowslip,images/image_1077.jpg
Iris,images/image_0413.jpg
Buttercup,images/image_1124.jpg
Dandelion,images/image_0988.jpg
Pansy,images/image_1314.jpg
Tigerlily,images/image_0508.jpg
ColtsFoot,images/image_0908.jpg
Crocus,images/image_0370.jpg
Daffodil,images/image_0565.jpg
Dandelion,images/image_1016.jpg
Windflower,images/image_1222.jpg
Daffodil,images/image_0585.jpg
Sunflower,images/image_0745.jpg
Fritillary,images/image_0658.jpg
Sunflower,images/image_0769.jpg
Fritillary,images/image_0713.jpg
Tigerlily,images/image_0554.jpg
ColtsFoot,images/image_0939.jpg
Pansy,images/image_1284.jpg
Crocus,images/image_0371.jpg
LilyValley,images/image_0211.jpg
Tulip,images/image_0046.jpg
LilyValley,images/image_0186.jpg
Daffodil,images/image_0623.jpg
Dandelion,images/image_1033.jpg
Dandelion,images/image_0987.jpg
Bluebell,images/image_0284.jpg
Cowslip,images/image_1056.jpg
Iris,images/image_0423.jpg
LilyValley,images/image_0188.jpg
Windflower,images/image_1272.jpg
Daisy,images/image_0857.jpg
Buttercup,images/image_1177.jpg
Tulip,images/image_0033.jpg
Dandelion,images/image_0992.jpg
Snowdrop,images/image_0096.jpg
Tigerlily,images/image_0527.jpg
Iris,images/image_0429.jpg
Daffodil,images/image_0584.jpg
Tigerlily,images/image_0487.jpg
Fritillary,images/image_0710.jpg
ColtsFoot,images/image_0898.jpg
ColtsFoot,images/image_0945.jpg
Dandelion,images/image_1026.jpg
Snowdrop,images/image_0108.jpg
Buttercup,images/image_1151.jpg
Daffodil,images/image_0568.jpg
LilyValley,images/image_0174.jpg
Tulip,images/image_0053.jpg
Windflower,images/image_1209.jpg
Cowslip,images/image_1064.jpg
Tulip,images/image_0072.jpg
Pansy,images/image_1322.jpg
Bluebell,images/image_0267.jpg
Daffodil,images/image_0612.jpg
Fritillary,images/image_0656.jpg
ColtsFoot,images/image_0944.jpg
Bluebell,images/image_0282.jpg
ColtsFoot,images/image_0915.jpg
LilyValley,images/image_0165.jpg
Buttercup,images/image_1164.jpg
Cowslip,images/image_1085.jpg
Sunflower,images/image_0739.jpg
Bluebell,images/image_0290.jpg
Sunflower,images/image_0722.jpg
Tulip,images/image_0020.jpg
Iris,images/image_0459.jpg
Daffodil,images/image_0570.jpg
Fritillary,images/image_0719.jpg
Snowdrop,images/image_0090.jpg
Tulip,images/image_0044.jpg
Bluebell,images/image_0247.jpg
Iris,images/image_0408.jpg
Daffodil,images/image_0616.jpg
Fritillary,images/image_0668.jpg
Tigerlily,images/image_0501.jpg
LilyValley,images/image_0230.jpg
Snowdrop,images/image_0146.jpg
Tulip,images/image_0011.jpg
ColtsFoot,images/image_0928.jpg
Windflower,images/image_1206.jpg
Snowdrop,images/image_0140.jpg
ColtsFoot,images/image_0918.jpg
Sunflower,images/image_0796.jpg
Dandelion,images/image_1018.jpg
Tigerlily,images/image_0546.jpg
Snowdrop,images/image_0134.jpg
Snowdrop,images/image_0160.jpg
Dandelion,images/image_0962.jpg
Daffodil,images/image_0574.jpg
Pansy,images/image_1306.jpg
Pansy,images/image_1352.jpg
Bluebell,images/image_0311.jpg
Pansy,images/image_1358.jpg
Sunflower,images/image_0748.jpg
Snowdrop,images/image_0155.jpg
Sunflower,images/image_0774.jpg
Iris,images/image_0469.jpg
Windflower,images/image_1204.jpg
Tulip,images/image_0054.jpg
Daffodil,images/image_0638.jpg
Fritillary,images/image_0661.jpg
Tulip,images/image_0041.jpg
ColtsFoot,images/image_0952.jpg
Pansy,images/image_1308.jpg
Fritillary,images/image_0664.jpg
Pansy,images/image_1300.jpg
Crocus,images/image_0377.jpg
Fritillary,images/image_0695.jpg
LilyValley,images/image_0185.jpg
Iris,images/image_0404.jpg
Tigerlily,images/image_0516.jpg
Sunflower,images/image_0746.jpg
Buttercup,images/image_1169.jpg
Daffodil,images/image_0631.jpg
Iris,images/image_0443.jpg
Snowdrop,images/image_0085.jpg
Buttercup,images/image_1153.jpg
Bluebell,images/image_0246.jpg
Daisy,images/image_0820.jpg
Daisy,images/image_0870.jpg
Tigerlily,images/image_0494.jpg
Sunflower,images/image_0799.jpg
Sunflower,images/image_0776.jpg
LilyValley,images/image_0183.jpg
Iris,images/image_0441.jpg
Iris,images/image_0447.jpg
Bluebell,images/image_0294.jpg
Cowslip,images/image_1103.jpg
Buttercup,images/image_1187.jpg
Fritillary,images/image_0649.jpg
Windflower,images/image_1241.jpg
Tulip,images/image_0045.jpg
Crocus,images/image_0328.jpg
Tulip,images/image_0051.jpg
Snowdrop,images/image_0102.jpg
Cowslip,images/image_1055.jpg
Bluebell,images/image_0317.jpg
Cowslip,images/image_1097.jpg
ColtsFoot,images/image_0922.jpg
Pansy,images/image_1324.jpg
Bluebell,images/image_0269.jpg
Sunflower,images/image_0780.jpg
Crocus,images/image_0358.jpg
ColtsFoot,images/image_0914.jpg
Windflower,images/image_1240.jpg
Windflower,images/image_1253.jpg
Windflower,images/image_1277.jpg
Buttercup,images/image_1181.jpg
Sunflower,images/image_0790.jpg
Cowslip,images/image_1091.jpg
Windflower,images/image_1232.jpg
ColtsFoot,images/image_0957.jpg
Daffodil,images/image_0629.jpg
Daisy,images/image_0853.jpg
Windflower,images/image_1216.jpg
Daisy,images/image_0819.jpg
Fritillary,images/image_0655.jpg
Crocus,images/image_0366.jpg
Daisy,images/image_0836.jpg
Daisy,images/image_0811.jpg
Snowdrop,images/image_0114.jpg
LilyValley,images/image_0206.jpg
Iris,images/image_0470.jpg
Iris,images/image_0480.jpg
Pansy,images/image_1281.jpg
Iris,images/image_0419.jpg
Pansy,images/image_1291.jpg
Tulip,images/image_0027.jpg
ColtsFoot,images/image_0885.jpg
Buttercup,images/image_1137.jpg
Tigerlily,images/image_0514.jpg
Cowslip,images/image_1087.jpg
Crocus,images/image_0367.jpg
Dandelion,images/image_0996.jpg
Snowdrop,images/image_0106.jpg
Fritillary,images/image_0667.jpg
Snowdrop,images/image_0145.jpg
Bluebell,images/image_0302.jpg
Cowslip,images/image_1088.jpg
Cowslip,images/image_1082.jpg
Windflower,images/image_1243.jpg
Dandelion,images/image_1015.jpg
Tigerlily,images/image_0490.jpg
Dandelion,images/image_0961.jpg
Tulip,images/image_0039.jpg
Dandelion,images/image_1010.jpg
Buttercup,images/image_1198.jpg
Iris,images/image_0454.jpg
Pansy,images/image_1332.jpg
ColtsFoot,images/image_0934.jpg
Daffodil,images/image_0627.jpg
Fritillary,images/image_0706.jpg
Tulip,images/image_0003.jpg
Fritillary,images/image_0674.jpg
Tulip,images/image_0040.jpg
Buttercup,images/image_1122.jpg
Crocus,images/image_0374.jpg
Windflower,images/image_1224.jpg
Fritillary,images/image_0714.jpg
Cowslip,images/image_1057.jpg
Daisy,images/image_0815.jpg
Tulip,images/image_0070.jpg
Buttercup,images/image_1136.jpg
Windflower,images/image_1257.jpg
Fritillary,images/image_0686.jpg
Windflower,images/image_1213.jpg
Crocus,images/image_0344.jpg
Iris,images/image_0432.jpg
Tigerlily,images/image_0509.jpg
Sunflower,images/image_0725.jpg
Cowslip,images/image_1090.jpg
Crocus,images/image_0331.jpg
Windflower,images/image_1230.jpg
Cowslip,images/image_1068.jpg
Daffodil,images/image_0620.jpg
Crocus,images/image_0342.jpg
Sunflower,images/image_0786.jpg
Daisy,images/image_0838.jpg
Tulip,images/image_0004.jpg
Bluebell,images/image_0316.jpg
Daisy,images/image_0824.jpg
Sunflower,images/image_0753.jpg
Iris,images/image_0455.jpg
Snowdrop,images/image_0138.jpg
Cowslip,images/image_1080.jpg
Sunflower,images/image_0800.jpg
Tulip,images/image_0032.jpg
Daffodil,images/image_0634.jpg
ColtsFoot,images/image_0953.jpg
Crocus,images/image_0389.jpg
ColtsFoot,images/image_0906.jpg
LilyValley,images/image_0172.jpg
Buttercup,images/image_1141.jpg
Buttercup,images/image_1173.jpg
Snowdrop,images/image_0159.jpg
Pansy,images/image_1317.jpg
Pansy,images/image_1345.jpg
Daffodil,images/image_0590.jpg
LilyValley,images/image_0235.jpg
Cowslip,images/image_1117.jpg
Daffodil,images/image_0594.jpg
Buttercup,images/image_1189.jpg
Dandelion,images/image_1031.jpg
Buttercup,images/image_1147.jpg
ColtsFoot,images/image_0891.jpg
Daffodil,images/image_0635.jpg
Pansy,images/image_1356.jpg
Pansy,images/image_1326.jpg
Sunflower,images/image_0783.jpg
Bluebell,images/image_0292.jpg
Cowslip,images/image_1045.jpg
Daisy,images/image_0851.jpg
Daisy,images/image_0863.jpg
Dandelion,images/image_1019.jpg
Sunflower,images/image_0755.jpg
Crocus,images/image_0394.jpg
LilyValley,images/image_0210.jpg
Buttercup,images/image_1155.jpg
Windflower,images/image_1271.jpg
Daisy,images/image_0806.jpg
Daffodil,images/image_0611.jpg
Snowdrop,images/image_0143.jpg
Pansy,images/image_1339.jpg
Daisy,images/image_0802.jpg
Buttercup,images/image_1157.jpg
Daisy,images/image_0841.jpg
Snowdrop,images/image_0126.jpg
Pansy,images/image_1333.jpg
Tigerlily,images/image_0543.jpg
ColtsFoot,images/image_0893.jpg
Windflower,images/image_1275.jpg
ColtsFoot,images/image_0921.jpg
Cowslip,images/image_1081.jpg
Fritillary,images/image_0684.jpg
Fritillary,images/image_0646.jpg
Dandelion,images/image_1006.jpg
Windflower,images/image_1256.jpg
Bluebell,images/image_0252.jpg
Daisy,images/image_0828.jpg
Fritillary,images/image_0696.jpg
LilyValley,images/image_0176.jpg
Fritillary,images/image_0712.jpg
Dandelion,images/image_1009.jpg
Daisy,images/image_0842.jpg
Buttercup,images/image_1167.jpg
Daisy,images/image_0879.jpg
Cowslip,images/image_1050.jpg
Snowdrop,images/image_0132.jpg
Dandelion,images/image_1001.jpg
LilyValley,images/image_0229.jpg
Dandelion,images/image_1011.jpg
Dandelion,images/image_1027.jpg
Iris,images/image_0449.jpg
Buttercup,images/image_1195.jpg
Buttercup,images/image_1186.jpg
Dandelion,images/image_1014.jpg
Windflower,images/image_1236.jpg
Buttercup,images/image_1156.jpg
Cowslip,images/image_1058.jpg
Daisy,images/image_0826.jpg
Dandelion,images/image_1020.jpg
Fritillary,images/image_0671.jpg
Tigerlily,images/image_0544.jpg
Windflower,images/image_1274.jpg
Tigerlily,images/image_0506.jpg
Crocus,images/image_0357.jpg
Buttercup,images/image_1179.jpg
Snowdrop,images/image_0100.jpg
Iris,images/image_0456.jpg
Crocus,images/image_0332.jpg
Fritillary,images/image_0641.jpg
Sunflower,images/image_0794.jpg
Bluebell,images/image_0266.jpg
Cowslip,images/image_1047.jpg
Snowdrop,images/image_0088.jpg
Tigerlily,images/image_0535.jpg
Windflower,images/image_1263.jpg
Daffodil,images/image_0610.jpg
LilyValley,images/image_0212.jpg
LilyValley,images/image_0216.jpg
Dandelion,images/image_1017.jpg
Sunflower,images/image_0777.jpg
ColtsFoot,images/image_0900.jpg
Crocus,images/image_0338.jpg
Tigerlily,images/image_0505.jpg
Dandelion,images/image_1034.jpg
Snowdrop,images/image_0139.jpg
ColtsFoot,images/image_0911.jpg
Bluebell,images/image_0245.jpg
Daisy,images/image_0808.jpg
LilyValley,images/image_0164.jpg
Tigerlily,images/image_0538.jpg
Fritillary,images/image_0683.jpg
Fritillary,images/image_0681.jpg
Cowslip,images/image_1076.jpg
Iris,images/image_0426.jpg
Snowdrop,images/image_0125.jpg
Cowslip,images/image_1046.jpg
Crocus,images/image_0339.jpg
Buttercup,images/image_1176.jpg
Windflower,images/image_1201.jpg
Iris,images/image_0475.jpg
Tigerlily,images/image_0499.jpg
Fritillary,images/image_0665.jpg
Snowdrop,images/image_0101.jpg
Windflower,images/image_1248.jpg
Buttercup,images/image_1129.jpg
Daisy,images/image_0849.jpg
Snowdrop,images/image_0092.jpg
Daisy,images/image_0801.jpg
Dandelion,images/image_0989.jpg
Tulip,images/image_0038.jpg
Fritillary,images/image_0680.jpg
Bluebell,images/image_0268.jpg
Fritillary,images/image_0717.jpg
Windflower,images/image_1212.jpg
Snowdrop,images/image_0107.jpg
Crocus,images/image_0334.jpg
Bluebell,images/image_0250.jpg
Buttercup,images/image_1127.jpg
Tigerlily,images/image_0555.jpg
Iris,images/image_0437.jpg
Tulip,images/image_0074.jpg
Snowdrop,images/image_0151.jpg
Bluebell,images/image_0243.jpg
Cowslip,images/image_1086.jpg
Dandelion,images/image_0986.jpg
Daisy,images/image_0814.jpg
Bluebell,images/image_0259.jpg
Dandelion,images/image_0975.jpg
Dandelion,images/image_0970.jpg
Snowdrop,images/image_0128.jpg
Tulip,images/image_0078.jpg
Bluebell,images/image_0319.jpg
Crocus,images/image_0360.jpg
Fritillary,images/image_0675.jpg
Crocus,images/image_0387.jpg
Fritillary,images/image_0720.jpg
Daisy,images/image_0821.jpg
Bluebell,images/image_0299.jpg
Daisy,images/image_0837.jpg
Fritillary,images/image_0660.jpg
Daffodil,images/image_0591.jpg
Fritillary,images/image_0659.jpg
Crocus,images/image_0355.jpg
Dandelion,images/image_1038.jpg
Cowslip,images/image_1115.jpg
Windflower,images/image_1278.jpg
Snowdrop,images/image_0154.jpg
Crocus,images/image_0349.jpg
Windflower,images/image_1218.jpg
Pansy,images/image_1288.jpg
ColtsFoot,images/image_0955.jpg
Dandelion,images/image_0971.jpg
Fritillary,images/image_0700.jpg
Daisy,images/image_0822.jpg
Snowdrop,images/image_0093.jpg
Crocus,images/image_0381.jpg
Buttercup,images/image_1171.jpg
LilyValley,images/image_0177.jpg
Bluebell,images/image_0249.jpg
Cowslip,images/image_1072.jpg
Crocus,images/image_0329.jpg
Daffodil,images/image_0619.jpg
Sunflower,images/image_0741.jpg
Bluebell,images/image_0304.jpg
Fritillary,images/image_0701.jpg
Bluebell,images/image_0280.jpg
Daffodil,images/image_0575.jpg
Snowdrop,images/image_0084.jpg
Iris,images/image_0407.jpg
Bluebell,images/image_0293.jpg
Daffodil,images/image_0567.jpg
Iris,images/image_0416.jpg
ColtsFoot,images/image_0886.jpg
Fritillary,images/image_0692.jpg
Pansy,images/image_1336.jpg
Iris,images/image_0410.jpg
Tulip,images/image_0024.jpg
Iris,images/image_0446.jpg
Tigerlily,images/image_0519.jpg
Iris,images/image_0411.jpg
Sunflower,images/image_0771.jpg
Cowslip,images/image_1049.jpg
Daffodil,images/image_0566.jpg
Crocus,images/image_0347.jpg
LilyValley,images/image_0232.jpg
Iris,images/image_0440.jpg
Tigerlily,images/image_0522.jpg
Daffodil,images/image_0561.jpg
Daisy,images/image_0864.jpg
Sunflower,images/image_0731.jpg
Fritillary,images/image_0679.jpg
Tulip,images/image_0080.jpg
ColtsFoot,images/image_0903.jpg
Dandelion,images/image_0974.jpg
Bluebell,images/image_0276.jpg
Dandelion,images/image_1024.jpg
Fritillary,images/image_0690.jpg
ColtsFoot,images/image_0946.jpg
Daffodil,images/image_0613.jpg
Cowslip,images/image_1101.jpg
Bluebell,images/image_0261.jpg
Daffodil,images/image_0601.jpg
Snowdrop,images/image_0157.jpg
Pansy,images/image_1359.jpg
ColtsFoot,images/image_0904.jpg
Snowdrop,images/image_0142.jpg
Windflower,images/image_1229.jpg
Bluebell,images/image_0298.jpg
ColtsFoot,images/image_0925.jpg
Tigerlily,images/image_0532.jpg
Bluebell,images/image_0287.jpg
Sunflower,images/image_0732.jpg
Tulip,images/image_0075.jpg
Cowslip,images/image_1052.jpg
Daisy,images/image_0856.jpg
Crocus,images/image_0373.jpg
Pansy,images/image_1285.jpg
Pansy,images/image_1337.jpg
Dandelion,images/image_1008.jpg
Snowdrop,images/image_0153.jpg
Cowslip,images/image_1089.jpg
LilyValley,images/image_0226.jpg
Cowslip,images/image_1105.jpg
Cowslip,images/image_1071.jpg
Windflower,images/image_1245.jpg
Windflower,images/image_1227.jpg
Crocus,images/image_0346.jpg
Buttercup,images/image_1170.jpg
Sunflower,images/image_0761.jpg
Pansy,images/image_1292.jpg
ColtsFoot,images/image_0929.jpg
Buttercup,images/image_1166.jpg
Tulip,images/image_0052.jpg
Daffodil,images/image_0632.jpg
Iris,images/image_0471.jpg
Pansy,images/image_1353.jpg
Crocus,images/image_0396.jpg
Daisy,images/image_0872.jpg
Tigerlily,images/image_0495.jpg
Dandelion,images/image_0973.jpg
ColtsFoot,images/image_0954.jpg
LilyValley,images/image_0209.jpg
Dandelion,images/image_1002.jpg
ColtsFoot,images/image_0912.jpg
Dandelion,images/image_1023.jpg
ColtsFoot,images/image_0949.jpg
ColtsFoot,images/image_0917.jpg
Crocus,images/image_0326.jpg
Daffodil,images/image_0607.jpg
Fritillary,images/image_0689.jpg
Snowdrop,images/image_0113.jpg
Dandelion,images/image_1037.jpg
Fritillary,images/image_0672.jpg
Windflower,images/image_1202.jpg
Tulip,images/image_0050.jpg
Pansy,images/image_1344.jpg
Snowdrop,images/image_0136.jpg
LilyValley,images/image_0221.jpg
Daffodil,images/image_0569.jpg
Tulip,images/image_0059.jpg
Cowslip,images/image_1107.jpg
Tigerlily,images/image_0496.jpg
Tulip,images/image_0015.jpg
Snowdrop,images/image_0131.jpg
Snowdrop,images/image_0127.jpg
Daffodil,images/image_0615.jpg
Bluebell,images/image_0295.jpg
Tulip,images/image_0014.jpg
Sunflower,images/image_0787.jpg
Bluebell,images/image_0253.jpg
Snowdrop,images/image_0144.jpg
Daisy,images/image_0859.jpg
ColtsFoot,images/image_0960.jpg
LilyValley,images/image_0173.jpg
Pansy,images/image_1327.jpg
Tulip,images/image_0071.jpg
Windflower,images/image_1238.jpg
Cowslip,images/image_1096.jpg
ColtsFoot,images/image_0941.jpg
Daffodil,images/image_0597.jpg
Pansy,images/image_1330.jpg
Pansy,images/image_1307.jpg
Tigerlily,images/image_0530.jpg
Cowslip,images/image_1059.jpg
Fritillary,images/image_0644.jpg
Cowslip,images/image_1063.jpg
Iris,images/image_0460.jpg
Daffodil,images/image_0628.jpg
Windflower,images/image_1203.jpg
Tulip,images/image_0005.jpg
ColtsFoot,images/image_0907.jpg
Windflower,images/image_1207.jpg
Cowslip,images/image_1053.jpg
Crocus,images/image_0386.jpg
Tulip,images/image_0023.jpg
Bluebell,images/image_0303.jpg
Daffodil,images/image_0621.jpg
Pansy,images/image_1348.jpg
ColtsFoot,images/image_0887.jpg
Snowdrop,images/image_0086.jpg
Tigerlily,images/image_0560.jpg
Bluebell,images/image_0308.jpg
Tigerlily,images/image_0491.jpg
Cowslip,images/image_1099.jpg
Daisy,images/image_0861.jpg
Crocus,images/image_0379.jpg
Dandelion,images/image_0969.jpg
Tigerlily,images/image_0542.jpg
ColtsFoot,images/image_0931.jpg
Fritillary,images/image_0677.jpg
Tulip,images/image_0047.jpg
Bluebell,images/image_0275.jpg
Daffodil,images/image_0614.jpg
Buttercup,images/image_1134.jpg
Daisy,images/image_0855.jpg
Pansy,images/image_1340.jpg
Buttercup,images/image_1168.jpg
Crocus,images/image_0343.jpg
Daisy,images/image_0845.jpg
Pansy,images/image_1290.jpg
Bluebell,images/image_0310.jpg
Daisy,images/image_0866.jpg
Pansy,images/image_1321.jpg
Windflower,images/image_1258.jpg
Tulip,images/image_0069.jpg
Buttercup,images/image_1128.jpg
LilyValley,images/image_0181.jpg
Crocus,images/image_0385.jpg
Windflower,images/image_1264.jpg
Dandelion,images/image_0966.jpg
Pansy,images/image_1349.jpg
ColtsFoot,images/image_0896.jpg
LilyValley,images/image_0225.jpg
Bluebell,images/image_0265.jpg
Tigerlily,images/image_0525.jpg
Daffodil,images/image_0588.jpg
Cowslip,images/image_1095.jpg
LilyValley,images/image_0199.jpg
Tulip,images/image_0030.jpg
Fritillary,images/image_0676.jpg
Sunflower,images/image_0723.jpg
ColtsFoot,images/image_0948.jpg
Iris,images/image_0425.jpg
LilyValley,images/image_0204.jpg
LilyValley,images/image_0196.jpg
Windflower,images/image_1259.jpg
Buttercup,images/image_1130.jpg
Dandelion,images/image_0993.jpg
ColtsFoot,images/image_0959.jpg
ColtsFoot,images/image_0936.jpg
Fritillary,images/image_0708.jpg
Bluebell,images/image_0257.jpg
ColtsFoot,images/image_0910.jpg
Buttercup,images/image_1133.jpg
LilyValley,images/image_0205.jpg
Iris,images/image_0457.jpg
Crocus,images/image_0345.jpg
Dandelion,images/image_0972.jpg
Daisy,images/image_0809.jpg
Sunflower,images/image_0779.jpg
Daisy,images/image_0878.jpg
Crocus,images/image_0335.jpg
Buttercup,images/image_1196.jpg
Tigerlily,images/image_0526.jpg
Tulip,images/image_0017.jpg
Iris,images/image_0467.jpg
Bluebell,images/image_0273.jpg
Sunflower,images/image_0726.jpg
Bluebell,images/image_0277.jpg
Daffodil,images/image_0593.jpg
Windflower,images/image_1215.jpg
Buttercup,images/image_1192.jpg
Tulip,images/image_0007.jpg
Windflower,images/image_1261.jpg
Iris,images/image_0478.jpg
Bluebell,images/image_0256.jpg
Daffodil,images/image_0583.jpg
Crocus,images/image_0395.jpg
Tigerlily,images/image_0512.jpg
Pansy,images/image_1293.jpg
ColtsFoot,images/image_0920.jpg
Tigerlily,images/image_0548.jpg
Daffodil,images/image_0630.jpg
Daisy,images/image_0803.jpg
Dandelion,images/image_0977.jpg
Bluebell,images/image_0241.jpg
Bluebell,images/image_0281.jpg
Buttercup,images/image_1149.jpg
Tulip,images/image_0076.jpg
Fritillary,images/image_0662.jpg
Windflower,images/image_1247.jpg
Tulip,images/image_0009.jpg
Windflower,images/image_1223.jpg
Iris,images/image_0448.jpg
Snowdrop,images/image_0089.jpg
Fritillary,images/image_0687.jpg
Snowdrop,images/image_0110.jpg
Pansy,images/image_1286.jpg
Snowdrop,images/image_0111.jpg
Bluebell,images/image_0296.jpg
Crocus,images/image_0350.jpg
Dandelion,images/image_0979.jpg
Daisy,images/image_0818.jpg
Tigerlily,images/image_0550.jpg
Iris,images/image_0405.jpg
Daisy,images/image_0832.jpg
Cowslip,images/image_1042.jpg
Snowdrop,images/image_0091.jpg
Cowslip,images/image_1079.jpg
Snowdrop,images/image_0104.jpg
Tulip,images/image_0048.jpg
ColtsFoot,images/image_0940.jpg
Snowdrop,images/image_0081.jpg
Tigerlily,images/image_0484.jpg
Pansy,images/image_1298.jpg
Buttercup,images/image_1131.jpg
Pansy,images/image_1351.jpg
Crocus,images/image_0399.jpg
Crocus,images/image_0353.jpg
Iris,images/image_0476.jpg
Pansy,images/image_1323.jpg
Iris,images/image_0409.jpg
Buttercup,images/image_1172.jpg
Sunflower,images/image_0791.jpg
Tigerlily,images/image_0492.jpg
Sunflower,images/image_0785.jpg
Sunflower,images/image_0782.jpg
Snowdrop,images/image_0123.jpg
Tulip,images/image_0029.jpg
Iris,images/image_0445.jpg
Dandelion,images/image_1012.jpg
Windflower,images/image_1276.jpg
Dandelion,images/image_0991.jpg
Crocus,images/image_0322.jpg
Daffodil,images/image_0617.jpg
LilyValley,images/image_0168.jpg
LilyValley,images/image_0201.jpg
Tigerlily,images/image_0520.jpg
Sunflower,images/image_0730.jpg
LilyValley,images/image_0200.jpg
Daffodil,images/image_0595.jpg
Daisy,images/image_0873.jpg
Iris,images/image_0451.jpg
Fritillary,images/image_0704.jpg
Sunflower,images/image_0740.jpg
Daffodil,images/image_0609.jpg
Daisy,images/image_0833.jpg
ColtsFoot,images/image_0901.jpg
ColtsFoot,images/image_0916.jpg
Daffodil,images/image_0580.jpg
Iris,images/image_0472.jpg
Daffodil,images/image_0608.jpg
Tulip,images/image_0067.jpg
Daisy,images/image_0875.jpg
Fritillary,images/image_0647.jpg
Pansy,images/image_1305.jpg
ColtsFoot,images/image_0897.jpg
Daffodil,images/image_0600.jpg
LilyValley,images/image_0170.jpg
Daffodil,images/image_0592.jpg
Daisy,images/image_0823.jpg
Sunflower,images/image_0754.jpg
Fritillary,images/image_0697.jpg
Tulip,images/image_0066.jpg
Pansy,images/image_1302.jpg
Dandelion,images/image_1003.jpg
Pansy,images/image_1309.jpg
ColtsFoot,images/image_0950.jpg
ColtsFoot,images/image_0958.jpg
Buttercup,images/image_1162.jpg
Daisy,images/image_0805.jpg
ColtsFoot,images/image_0927.jpg
Fritillary,images/image_0705.jpg
Iris,images/image_0428.jpg
Crocus,images/image_0321.jpg
LilyValley,images/image_0194.jpg
Cowslip,images/image_1094.jpg
Iris,images/image_0420.jpg
LilyValley,images/image_0224.jpg
Dandelion,images/image_0968.jpg
Cowslip,images/image_1074.jpg
Bluebell,images/image_0270.jpg
ColtsFoot,images/image_0895.jpg
Tulip,images/image_0036.jpg
Dandelion,images/image_0997.jpg
Tigerlily,images/image_0507.jpg
Tigerlily,images/image_0515.jpg
Bluebell,images/image_0285.jpg
Dandelion,images/image_0980.jpg
LilyValley,images/image_0213.jpg
Pansy,images/image_1319.jpg
Cowslip,images/image_1065.jpg
Windflower,images/image_1225.jpg
Dandelion,images/image_1040.jpg
Sunflower,images/image_0772.jpg
LilyValley,images/image_0179.jpg
Crocus,images/image_0393.jpg
Fritillary,images/image_0654.jpg
Tulip,images/image_0010.jpg
